r,d01_K1,d01_K2,d02_K1,d02_K2,d03_K1,d03_K2,d04_K1,d04_K2,d05_K1,d05_K2,d06_K1,d06_K2,d07_K1,d07_K2,d08_K1,d08_K2
0.1,0.000000,0.000000,0.000000,0.000000,0.000000,0.000000,0.000000,0.000000,0.000000,0.000000,0.004247,0.004063,0.020999,0.020938,0.004154,0.004155
0.2,0.000000,0.000000,0.000000,0.000000,0.000000,0.000000,0.000000,0.000000,0.000545,0.000560,0.004793,0.003518,0.225488,0.225493,0.014071,0.013640
0.3,0.000000,0.000000,0.000000,0.000000,0.000000,0.000000,0.000000,0.000000,0.000545,0.000560,-0.064092,-0.062390,0.794402,0.795054,0.032932,0.030854
0.4,0.000000,0.000000,0.000000,0.000000,0.000000,0.000000,0.000000,0.000000,0.000545,0.000560,-0.248324,-0.243559,1.772770,1.776013,0.101612,0.096136
0.5,0.000000,0.000000,0.000000,0.000000,0.000000,0.000000,0.000000,0.000000,0.000545,0.000560,-0.662472,-0.649183,3.114802,3.118529,0.233922,0.223998
0.6,0.000000,0.000000,0.000000,0.000000,0.000000,0.000000,0.000000,0.000000,-0.003742,-0.003795,-1.235844,-1.203970,4.687429,4.682254,0.503103,0.494945
0.7,0.000000,0.000000,0.000000,0.000000,0.000000,0.000000,0.000000,0.000000,-0.025198,-0.025205,-1.871257,-1.817159,6.321100,6.300494,1.090239,1.077327
0.8,0.000000,0.000000,0.000000,0.000000,0.000000,0.000000,0.000000,0.000000,-0.153735,-0.155480,-2.594793,-2.511013,7.401681,7.373572,1.913419,1.893604
0.9,0.000000,0.000000,0.000000,0.000000,0.000000,0.000000,0.000000,0.000000,-0.647717,-0.648937,-3.428667,-3.313970,7.631569,7.556091,3.067903,3.032581
1,0.000000,0.000000,0.000000,0.000000,0.000000,0.000000,0.000000,0.000000,-2.093751,-2.096788,-4.350394,-4.193106,6.969930,6.881714,4.575595,4.541285
1.1,0.000000,0.000000,0.000000,0.000000,0.000000,0.000000,0.000000,0.000000,-5.549798,-5.547072,-5.223105,-5.026645,5.726017,5.654082,6.130039,6.088410
1.2,0.000000,0.000000,0.000000,0.000000,0.000000,0.000000,0.000000,0.000000,-11.793530,-11.785005,-6.037117,-5.802606,4.125564,4.017002,7.247582,7.184913
1.3,0.000000,0.000000,0.000000,0.000000,0.000000,0.000000,0.000000,0.000000,-20.814919,-20.799260,-7.223416,-6.907148,2.234628,2.032912,7.559379,7.463619
1.4,0.000000,0.000000,0.000000,0.000000,0.000000,0.000000,0.000000,0.000000,-31.690444,-31.680342,-7.977133,-7.600050,-0.137578,-0.414763,6.995351,6.849350
1.5,0.000000,0.000000,0.000000,0.000000,0.000000,0.000000,-0.008942,-0.008910,-43.210158,-43.186101,-9.026891,-8.608867,-2.920832,-3.123895,5.196424,5.077736
1.6,0.000000,0.000000,0.000000,0.000000,0.000000,0.000000,-0.461339,-0.463052,-53.642778,-53.598441,-10.204319,-9.772032,-5.938692,-6.205283,3.307345,3.131251
1.7,0.000000,0.000000,0.000000,0.000000,0.000000,0.000000,-5.399180,-5.398025,-61.809643,-61.765780,-11.840506,-11.400993,-9.052441,-9.320522,1.405519,1.235184
1.8,0.000000,0.000000,0.000000,0.000000,0.000000,0.000000,-27.041707,-27.036397,-66.604259,-66.540796,-13.910144,-13.445293,-12.615817,-12.951033,-0.687161,-0.863000
1.9,0.000000,0.000000,0.000000,0.000000,-0.001160,-0.001148,-70.964838,-70.948500,-68.106372,-68.045843,-16.980689,-16.492053,-16.220556,-16.645969,-3.069648,-3.206659
2,0.000000,0.000000,0.000000,0.000000,-0.105998,-0.105853,-123.925980,-123.873952,-66.689209,-66.579437,-20.973539,-20.488396,-19.884848,-20.231300,-5.559953,-5.697815
2.1,0.000000,0.000000,0.000000,0.000000,-6.055428,-6.057263,-168.256468,-168.189127,-63.091975,-63.008019,-25.986917,-25.462515,-23.486982,-23.709919,-7.946146,-8.073451
2.2,0.000000,0.000000,0.000000,0.000000,-54.910766,-54.906007,-197.198813,-197.133914,-58.749846,-58.737370,-32.046881,-31.602717,-26.969476,-27.102924,-10.585111,-10.662631
2.3,0.000000,0.000000,-0.420333,-0.420312,-163.501145,-163.462982,-210.464065,-210.323912,-55.243324,-55.298863,-38.948532,-38.495656,-30.566022,-30.671711,-13.101430,-13.202686
2.4,-0.006925,-0.006724,-20.916881,-20.923830,-267.770377,-267.730762,-207.981424,-207.859743,-53.733296,-53.811661,-46.455605,-46.064307,-34.191612,-34.227486,-15.541945,-15.610214
2.5,-3.776277,-3.775374,-127.415929,-127.447148,-328.420222,-328.309127,-191.765991,-191.692252,-54.185087,-54.320474,-53.787877,-53.671399,-37.641570,-37.698299,-18.120259,-18.109957
2.6,-67.732549,-67.704871,-271.043040,-271.080017,-352.971407,-352.755973,-165.166605,-165.022503,-58.045466,-58.278522,-61.750741,-61.729221,-41.153347,-41.220876,-20.978419,-20.920866
2.7,-234.274594,-234.185211,-364.792254,-364.827470,-350.954367,-350.706909,-135.888753,-135.752688,-63.947056,-64.212449,-69.782364,-69.914317,-44.635916,-44.560123,-24.001218,-23.887361
2.8,-392.274344,-392.171903,-408.836205,-408.912654,-323.498360,-323.240105,-110.719634,-110.593729,-71.852812,-72.233339,-77.641253,-77.985484,-48.040178,-47.972711,-27.456746,-27.237994
2.9,-510.025127,-509.888407,-423.590058,-423.657284,-271.912025,-271.656432,-94.039826,-93.919579,-81.059699,-81.424671,-84.903397,-85.338056,-51.281862,-51.273474,-31.285103,-30.968796
3,-620.656208,-620.503564,-412.461270,-412.571286,-207.997808,-207.776427,-85.738229,-85.601126,-91.903894,-92.218391,-91.995256,-92.716150,-54.926563,-54.942812,-35.464368,-35.008583
3.1,-713.613027,-713.525317,-372.746897,-372.861867,-151.583736,-151.433843,-84.410202,-84.199274,-103.885904,-104.046924,-98.253494,-99.288388,-58.359190,-58.399223,-39.675074,-39.258591
3.2,-738.286370,-738.278135,-313.977867,-314.113382,-115.249024,-115.152249,-88.367205,-88.115072,-116.036579,-116.030506,-103.917492,-104.873660,-62.089426,-62.168277,-43.949917,-43.489667
3.3,-683.975805,-684.022891,-269.908610,-270.060919,-99.222209,-99.225892,-96.508133,-96.341927,-128.037408,-127.975674,-107.896538,-108.867920,-66.183567,-66.098589,-48.512626,-48.018213
3.4,-582.293653,-582.406797,-274.934675,-274.826826,-99.339006,-99.417088,-108.711571,-108.640571,-139.726189,-139.627080,-111.276640,-111.942148,-70.831554,-70.539987,-53.116744,-52.553133
3.5,-472.299953,-472.422886,-323.648010,-323.209885,-114.751733,-115.073791,-124.891664,-124.951654,-150.029606,-149.862849,-113.841590,-114.339227,-75.512515,-75.361934,-57.598791,-56.825423
3.6,-375.128821,-375.240613,-376.802676,-376.446361,-147.170733,-147.475086,-144.200556,-144.377448,-159.690840,-159.381637,-115.200349,-115.475272,-81.082596,-80.862456,-62.139028,-61.214180
3.7,-294.108038,-294.226605,-403.048932,-402.830231,-196.604965,-196.892280,-166.897063,-167.076472,-168.228950,-167.695745,-117.249721,-117.060051,-86.805380,-86.647992,-66.890592,-65.958271
3.8,-230.757041,-230.891975,-397.293339,-397.135897,-255.463490,-255.832094,-192.505848,-192.670632,-176.148772,-175.724433,-119.130326,-118.784170,-92.843035,-92.789204,-71.220685,-70.511172
3.9,-186.007399,-186.145883,-367.913244,-367.852423,-311.363175,-311.605937,-220.535289,-220.589859,-183.469991,-183.195288,-121.835295,-121.220245,-99.039250,-99.033183,-75.309069,-74.768694
4,-157.440036,-157.523422,-324.147745,-324.083148,-352.143235,-352.253153,-248.645159,-248.703198,-190.503436,-190.220240,-125.984075,-125.090744,-105.354898,-105.394657,-79.495378,-79.389480
4.1,-140.195527,-140.265867,-274.428454,-274.382698,-371.953858,-372.150398,-274.471627,-274.549617,-196.423147,-196.103386,-131.118205,-130.147977,-111.491950,-111.485618,-83.989128,-84.283444
4.2,-130.306354,-130.313952,-227.574692,-227.559335,-371.239579,-371.338821,-296.517180,-296.647411,-202.132709,-201.813252,-137.544748,-136.590208,-117.789033,-117.760048,-89.083340,-89.687773
4.3,-126.412272,-126.409743,-190.901868,-190.889956,-355.426403,-355.528651,-313.580256,-313.642944,-207.024402,-207.278212,-145.088657,-144.001666,-123.985431,-124.022328,-94.139216,-94.896487
4.4,-129.089224,-129.058822,-169.708807,-169.867675,-332.540163,-332.518999,-325.973860,-326.157147,-212.160631,-212.687827,-153.321321,-152.312250,-130.570268,-130.505502,-99.641801,-100.421419
4.5,-140.439030,-140.394792,-165.071998,-165.208979,-308.280298,-308.266001,-334.211256,-334.538419,-217.367196,-217.950078,-162.466131,-161.674702,-137.011467,-137.171745,-105.001998,-105.829481
4.6,-162.489998,-162.421434,-174.603234,-174.606321,-288.909915,-288.920810,-339.233759,-339.349101,-223.315674,-224.093186,-171.936292,-171.216133,-143.740140,-143.876934,-110.541339,-111.405046
4.7,-194.695682,-194.621771,-194.456209,-194.435270,-276.141123,-276.016924,-336.904012,-337.213345,-229.731718,-230.428238,-182.403792,-181.839249,-149.814897,-149.817552,-116.229631,-116.954099
4.8,-234.712973,-234.649665,-220.868328,-220.832125,-269.477303,-269.298137,-325.332705,-325.626956,-237.662944,-238.380058,-192.537080,-192.219258,-156.478701,-156.588838,-121.308917,-122.131280
4.9,-279.697824,-279.622489,-250.257132,-250.179861,-266.944875,-266.776598,-305.446291,-305.594666,-246.249822,-247.273706,-203.109913,-203.056016,-163.056772,-162.972894,-127.002521,-127.485632
5,-323.570733,-323.539680,-278.589385,-278.528767,-264.615042,-264.378837,-281.152097,-281.298646,-257.288078,-258.097385,-214.078445,-214.134125,-169.780196,-169.643972,-133.245242,-133.229262
5.1,-363.257365,-363.202790,-302.182898,-302.061870,-261.237326,-261.020273,-255.616168,-255.767241,-267.662633,-268.125332,-224.531969,-224.910676,-176.036207,-176.013774,-139.467475,-139.133354
5.2,-393.837836,-393.827795,-319.009354,-318.902735,-254.774142,-254.642589,-232.704823,-232.861074,-273.781592,-273.953722,-235.033777,-235.495824,-182.660308,-182.509011,-145.727190,-144.903687
5.3,-413.374564,-413.437489,-328.551700,-328.413896,-247.711225,-247.584595,-213.718520,-213.873315,-271.537105,-271.378079,-244.721112,-245.434681,-189.267630,-188.976037,-151.873565,-150.990382
5.4,-421.594618,-421.665922,-332.218043,-332.158489,-240.748096,-240.711719,-200.182207,-200.148361,-263.340445,-262.843151,-253.949818,-254.320036,-196.251018,-196.199821,-158.714798,-157.744686
5.5,-419.551977,-419.620415,-331.656086,-331.618890,-235.414370,-235.391744,-192.401740,-192.400543,-251.253365,-250.675332,-261.963981,-262.157107,-202.600894,-202.362936,-165.109816,-164.076658
5.6,-408.327723,-408.338859,-327.905463,-327.891815,-232.662398,-232.755429,-190.082901,-190.157988,-238.784947,-238.128800,-267.865897,-267.828014,-209.633601,-209.340522,-171.326532,-170.511514
5.7,-390.273585,-390.275184,-322.596027,-322.522188,-233.877004,-233.987351,-192.276949,-192.208119,-227.218850,-226.664032,-268.572479,-268.494389,-217.129436,-216.679901,-177.473329,-177.119488
5.8,-367.836678,-367.839445,-316.940562,-316.893747,-238.324543,-238.541892,-197.928835,-197.829595,-217.764298,-217.427168,-263.225246,-263.110448,-224.598244,-224.401225,-183.767017,-183.504632
5.9,-343.756640,-343.777901,-311.050524,-311.000240,-245.256479,-245.484903,-207.071902,-206.872444,-211.782324,-211.424068,-252.196729,-252.049132,-232.390954,-231.939168,-190.379873,-190.442139
6,-320.507612,-320.506624,-305.361120,-305.339196,-253.873900,-254.189408,-217.407611,-217.288412,-208.230850,-208.158698,-238.682763,-238.567851,-240.235098,-240.054494,-196.913295,-197.415735
6.1,-299.503114,-299.513441,-299.533628,-299.571539,-263.205128,-263.400772,-228.064404,-228.024689,-207.635948,-207.640879,-224.694042,-224.659673,-247.731971,-247.853722,-203.819335,-204.463023
6.2,-281.469480,-281.456141,-292.922517,-293.022633,-271.361049,-271.649179,-239.017920,-238.883476,-208.889640,-208.819457,-211.779460,-211.824030,-251.092928,-250.970087,-211.329150,-211.884892
6.3,-267.950972,-267.942445,-286.458783,-286.529154,-278.252392,-278.517824,-248.761246,-248.653222,-211.196551,-211.273188,-201.854079,-201.866406,-248.219708,-248.227186,-218.317709,-219.123625
6.4,-258.754588,-258.763087,-279.218485,-279.303429,-283.510022,-283.594163,-257.242905,-257.145875,-214.441807,-214.494361,-195.008591,-195.019028,-239.734338,-239.850424,-226.146243,-227.158921
6.5,-253.688365,-253.701165,-272.048353,-272.033596,-286.138732,-286.095586,-263.837797,-263.931629,-218.374169,-218.476306,-192.129446,-192.120858,-229.131966,-229.166474,-233.756682,-234.852491
6.6,-252.299546,-252.280660,-266.225459,-266.220066,-285.985206,-285.971159,-268.817247,-268.908206,-222.508973,-222.556869,-191.355705,-191.267556,-217.601519,-217.694722,-240.567923,-241.061144
6.7,-254.189288,-254.175760,-261.684558,-261.643822,-284.070384,-284.068028,-271.252656,-271.266108,-226.328017,-226.476197,-193.097590,-192.940959,-207.287476,-207.366496,-243.061406,-243.105993
6.8,-258.407234,-258.405871,-259.096926,-258.986955,-280.928819,-280.922472,-272.068825,-272.074106,-230.000078,-230.164259,-196.434960,-196.317194,-199.270206,-199.424556,-240.032783,-239.788010
6.9,-264.910711,-264.891465,-259.242969,-259.072477,-276.451229,-276.442755,-271.029691,-271.073263,-233.188965,-233.337381,-200.406702,-200.189991,-193.567247,-193.633601,-232.765191,-232.362878
7,-272.801781,-272.772794,-261.322029,-261.147093,-272.162801,-272.032099,-268.137285,-268.357735,-235.526956,-235.693580,-205.086842,-204.884746,-191.030602,-191.049274,-222.257460,-221.642042
7.1,-281.694074,-281.687482,-264.928146,-264.717154,-267.879087,-267.689429,-263.601287,-263.869463,-237.724936,-237.907374,-209.740716,-209.591098,-190.941914,-191.054098,-211.399453,-210.935191
7.2,-290.827251,-290.842664,-269.493578,-269.355162,-264.370638,-264.180322,-258.971508,-259.373204,-239.036291,-239.138163,-214.659464,-214.454904,-192.233830,-191.997095,-201.793420,-201.508272
7.3,-299.940965,-299.962332,-274.622002,-274.532001,-261.487357,-261.386314,-253.862827,-254.093302,-239.460928,-239.527822,-219.272363,-219.005623,-194.465899,-194.345998,-194.256003,-194.025209
7.4,-307.841457,-307.873274,-280.060586,-279.967179,-259.593126,-259.534889,-248.751750,-249.069249,-239.589871,-239.654276,-223.833562,-223.509787,-197.285181,-197.102353,-189.096916,-188.843735
7.5,-314.553213,-314.569872,-284.561859,-284.509403,-258.332298,-258.336392,-243.990655,-244.262551,-238.901608,-238.857337,-227.104663,-226.885105,-200.910623,-200.738894,-186.283196,-186.350396
7.6,-319.483532,-319.501813,-288.199969,-288.182572,-257.666614,-257.669836,-239.555534,-239.883569,-237.762080,-237.702739,-229.379453,-229.070005,-204.864298,-204.871871,-185.908063,-186.046820
7.7,-322.640142,-322.690165,-290.961905,-290.955734,-257.014502,-257.056838,-236.205480,-236.521148,-235.752927,-235.656409,-231.199553,-230.886623,-209.007987,-208.913829,-187.361414,-187.856897
7.8,-322.999173,-323.048570,-292.058204,-292.082612,-257.185023,-257.206436,-234.211242,-234.285624,-233.314369,-233.120980,-231.876973,-231.583895,-212.427182,-212.333452,-189.555568,-189.967466
7.9,-321.899607,-321.952639,-292.569418,-292.570818,-257.763595,-257.817210,-233.290969,-233.333997,-230.988808,-230.843007,-231.642882,-231.413470,-215.556760,-215.535787,-192.492551,-192.812269
8,-319.458127,-319.494294,-292.597147,-292.650953,-258.922131,-258.946703,-233.411902,-233.380813,-228.892363,-228.830159,-230.733925,-230.546560,-217.981775,-217.932702,-195.697011,-196.031619
8.1,-315.852637,-315.875961,-291.407732,-291.445351,-260.010262,-260.053280,-234.500536,-234.381967,-226.995580,-226.890763,-228.984307,-228.761472,-219.372873,-219.336113,-199.017243,-199.282593
8.2,-311.684620,-311.690780,-289.851892,-289.868511,-261.834770,-261.840340,-236.146271,-236.022681,-225.836242,-225.850753,-226.267804,-226.052970,-220.518221,-220.570430,-202.151038,-202.422978
8.3,-307.290327,-307.287406,-288.007788,-288.043351,-263.845962,-263.857229,-238.356942,-238.306416,-224.858095,-224.885432,-223.484708,-223.481292,-220.910348,-221.054401,-205.108825,-205.458462
8.4,-303.235396,-303.208493,-286.274847,-286.305053,-265.556617,-265.604983,-241.162294,-241.159809,-224.353257,-224.542562,-221.127175,-221.297948,-220.466817,-220.438191,-207.693618,-208.110749
8.5,-299.662017,-299.619637,-284.643041,-284.651238,-267.238582,-267.364212,-243.654279,-243.636781,-224.904024,-225.094158,-218.660567,-218.833376,-219.656219,-219.515267,-210.216384,-210.512497
8.6,-296.979151,-296.957633,-283.097669,-283.102713,-268.684606,-268.772688,-246.399214,-246.388802,-225.148530,-225.396213,-216.223900,-216.428737,-218.259479,-217.926758,-211.626911,-211.923965
8.7,-295.221916,-295.229216,-281.956672,-281.971207,-269.685757,-269.829473,-248.472133,-248.466087,-225.821394,-226.030845,-214.334062,-214.672507,-216.344077,-216.018116,-212.536627,-212.662794
8.8,-294.413614,-294.420200,-281.017795,-280.997057,-270.274754,-270.373355,-249.899607,-249.943752,-226.503600,-226.552314,-212.977977,-213.273238,-214.488040,-214.284933,-213.104045,-213.108528
8.9,-294.090836,-294.120988,-280.403890,-280.336072,-270.491574,-270.514261,-251.265962,-251.301776,-227.357011,-227.434696,-212.702124,-212.935098,-212.405714,-212.305555,-213.482377,-213.329924
9,-294.243150,-294.264761,-280.441964,-280.359552,-270.184801,-270.224262,-251.803798,-251.833009,-228.198897,-228.202518,-212.380987,-212.711761,-210.618903,-210.308460,-212.894097,-212.679970
9.1,-295.162858,-295.207517,-280.736784,-280.594348,-269.355424,-269.373023,-251.764097,-251.801019,-228.861719,-228.892325,-213.314377,-213.504106,-208.951787,-208.646359,-212.223829,-211.893592
9.2,-296.503771,-296.535931,-281.342620,-281.170198,-268.654562,-268.639998,-251.176738,-251.210262,-229.545374,-229.659150,-214.026572,-214.082538,-207.867119,-207.757496,-210.613139,-210.234249
9.3,-298.327915,-298.366875,-282.003966,-281.854204,-267.778680,-267.779168,-250.735986,-250.720773,-230.382791,-230.453093,-215.489766,-215.387770,-207.062192,-207.107204,-209.377686,-209.039932
9.4,-300.486300,-300.530264,-282.376279,-282.228732,-266.781088,-266.743988,-249.795074,-249.826015,-231.399803,-231.384401,-216.432668,-216.192717,-206.652210,-206.932402,-208.174587,-207.868511
9.5,-302.466715,-302.509475,-283.172029,-283.059103,-265.617483,-265.584310,-249.020666,-249.175830,-231.543983,-231.615870,-218.187661,-217.853722,-206.475347,-206.803909,-206.760266,-206.514810
9.6,-304.133520,-304.157713,-283.503765,-283.474627,-264.863067,-264.811683,-247.739447,-247.914205,-231.956865,-231.946338,-219.337726,-219.005892,-206.674330,-207.008147,-204.793149,-204.672460
9.7,-305.238874,-305.251634,-284.041041,-284.031133,-264.460821,-264.395435,-246.388840,-246.606361,-232.162178,-232.168686,-220.297223,-219.924745,-207.472485,-207.699988,-203.631453,-203.527781
9.8,-305.988384,-305.983391,-284.909257,-284.940171,-263.890248,-263.798681,-245.579508,-245.845999,-232.066881,-232.081825,-221.120309,-220.679286,-208.342177,-208.406572,-202.545843,-202.533825
9.9,-306.590465,-306.602941,-284.977405,-284.991222,-263.550640,-263.449115,-244.700506,-244.950851,-231.414693,-231.459860,-221.605056,-221.144447,-209.642847,-209.708797,-201.747269,-201.982041
10,-306.539306,-306.557017,-284.959587,-284.990955,-263.509283,-263.488399,-243.985944,-244.238277,-231.474161,-231.616273,-221.709125,-221.385705,-210.909306,-210.896220,-201.469341,-201.689404
10.1,-306.133015,-306.136972,-285.050770,-285.075414,-263.664950,-263.750256,-243.572267,-243.848419,-230.667708,-230.722486,-222.062572,-221.720670,-211.905247,-211.753853,-201.693301,-201.932849
10.2,-304.873388,-304.871976,-284.672322,-284.727484,-263.976497,-264.041446,-243.425262,-243.632751,-230.426467,-230.453413,-221.811592,-221.480126,-212.793387,-212.590222,-202.245500,-202.576833
10.3,-303.686972,-303.675458,-284.649590,-284.674690,-264.102630,-264.187074,-243.297019,-243.515070,-229.869624,-229.838712,-221.163683,-221.051195,-213.523479,-213.289655,-202.895465,-203.158463
10.4,-302.287857,-302.280333,-284.103320,-284.085720,-264.324227,-264.453722,-243.781615,-243.888400,-229.688043,-229.663553,-220.467694,-220.521256,-213.910196,-213.591195,-203.609558,-203.875833
10.5,-301.607517,-301.606574,-283.886125,-283.845215,-264.891472,-264.943926,-244.462655,-244.612483,-229.677678,-229.664581,-219.707363,-219.966680,-214.037365,-213.764674,-204.760200,-204.930650
10.6,-300.095578,-300.082795,-283.151948,-283.083907,-265.278535,-265.330614,-244.440964,-244.544236,-229.448440,-229.336162,-218.902227,-219.030023,-214.106164,-213.819574,-205.255355,-205.461599
10.7,-299.064369,-299.060065,-282.610327,-282.587006,-265.662872,-265.727503,-245.006940,-245.012530,-229.144068,-229.074910,-218.457694,-218.520272,-214.178030,-213.913069,-206.181372,-206.349306
10.8,-298.133245,-298.137164,-282.282630,-282.274151,-265.928462,-265.926902,-246.006425,-245.955170,-229.128629,-229.101327,-218.789108,-218.777801,-213.774450,-213.597718,-206.250166,-206.358244
10.9,-297.879673,-297.889244,-281.963900,-281.938456,-266.528784,-266.482370,-246.941151,-246.849677,-228.758706,-228.755620,-218.356836,-218.261180,-213.125224,-213.089518,-206.361959,-206.465011
11,-297.972528,-297.985665,-281.476153,-281.441374,-266.297941,-266.166537,-247.159196,-247.088852,-228.654819,-228.694062,-218.235749,-218.136240,-212.973088,-212.942380,-206.558859,-206.653278
11.1,-298.240119,-298.272548,-281.543341,-281.531675,-265.799096,-265.698089,-247.250564,-247.252692,-228.753218,-228.751625,-218.016666,-217.966918,-212.581656,-212.564887,-206.720080,-206.839661
11.2,-298.918248,-298.947568,-281.623763,-281.603541,-265.566198,-265.500595,-247.147315,-247.097461,-228.713015,-228.784668,-218.468291,-218.364765,-212.077997,-212.120764,-206.432380,-206.554408
11.3,-299.359011,-299.401809,-281.780350,-281.754669,-265.190413,-265.159789,-246.728199,-246.752611,-228.449422,-228.530167,-218.449114,-218.319686,-211.058819,-211.288878,-206.266927,-206.303378
11.4,-300.169547,-300.215999,-282.155173,-282.107836,-264.912054,-264.907612,-246.703540,-246.668220,-228.449634,-228.453415,-218.322095,-218.257447,-210.196311,-210.470861,-205.949248,-205.929100
11.5,-300.889692,-300.932126,-282.412480,-282.320236,-264.833628,-264.882412,-246.116353,-246.165147,-228.875797,-228.758298,-217.839457,-217.836655,-209.502552,-209.691835,-205.770913,-205.787044
11.6,-301.818318,-301.844988,-282.613040,-282.501183,-264.916417,-265.036221,-246.265307,-246.315276,-229.318024,-229.148768,-217.767010,-217.824231,-209.395487,-209.627510,-205.458107,-205.463427
11.7,-302.742835,-302.762197,-283.043593,-282.929560,-265.263923,-265.388056,-245.847640,-245.847609,-229.368022,-229.266753,-217.909951,-217.986645,-209.434889,-209.657899,-205.227293,-205.095417
11.8,-303.528196,-303.542323,-283.258531,-283.136944,-265.527776,-265.574212,-245.576807,-245.689025,-229.616273,-229.594958,-218.610374,-218.533978,-209.407149,-209.500136,-204.758214,-204.525959
11.9,-303.834595,-303.839545,-282.975500,-282.880333,-265.588260,-265.655597,-245.634614,-245.773036,-229.570553,-229.569386,-218.732312,-218.535690,-209.725693,-209.730870,-204.606743,-204.411988
12,-304.179603,-304.175686,-283.263515,-283.185220,-265.468219,-265.515153,-245.444385,-245.616964,-229.222356,-229.264521,-219.241058,-219.008828,-209.830232,-209.752641,-204.584138,-204.333083
12.1,-304.396333,-304.380317,-283.347255,-283.318495,-265.516628,-265.518007,-245.341923,-245.550491,-229.662212,-229.704551,-219.397304,-219.280331,-209.996366,-209.845899,-204.682382,-204.477073
12.2,-303.914162,-303.907938,-283.529648,-283.468355,-265.545973,-265.551199,-245.063110,-245.376692,-229.787243,-229.851186,-219.615677,-219.421211,-210.747549,-210.526832,-204.576064,-204.542764
12.3,-303.568402,-303.559436,-283.837283,-283.811068,-265.453203,-265.434594,-245.354894,-245.679635,-229.762792,-229.845754,-220.161283,-219.935734,-211.217806,-210.887670,-204.265889,-204.400345
12.4,-303.363400,-303.350474,-283.640235,-283.635622,-264.978236,-264.958308,-245.604581,-245.871685,-229.736699,-229.866068,-219.711462,-219.578286,-211.841192,-211.510798,-204.684739,-204.898563
12.5,-302.843537,-302.851063,-283.900135,-283.898289,-265.310997,-265.271324,-245.510342,-245.748924,-229.841735,-229.952685,-219.853739,-219.715042,-211.959213,-211.649912,-205.056272,-205.448938
12.6,-302.373134,-302.389547,-284.289332,-284.303295,-265.306373,-265.283888,-245.697712,-245.909387,-229.487593,-229.518684,-219.952742,-219.811002,-212.191669,-212.045491,-205.007979,-205.331708
12.7,-301.845670,-301.876779,-284.452575,-284.473369,-265.596348,-265.596202,-245.971795,-246.131580,-229.610728,-229.544107,-220.155336,-220.060590,-212.407559,-212.350822,-205.671558,-206.014295
12.8,-301.640853,-301.669076,-284.767566,-284.783692,-265.676508,-265.705335,-246.359739,-246.509899,-230.201976,-230.038436,-219.899097,-219.806903,-212.557731,-212.513131,-206.113650,-206.296618
12.9,-301.742395,-301.762600,-285.026123,-285.020081,-265.997029,-265.935380,-246.513384,-246.576370,-230.734968,-230.505029,-219.642866,-219.615010,-213.000606,-212.903277,-206.227736,-206.504880
13,-301.654229,-301.676423,-284.530643,-284.512433,-266.422604,-266.353866,-247.171816,-247.231088,-231.460006,-231.297698,-219.670938,-219.687403,-213.486667,-213.359341,-206.718379,-206.907829
13.1,-301.502524,-301.527608,-284.455948,-284.447948,-266.874824,-266.839920,-247.379407,-247.441479,-231.470230,-231.343438,-220.088330,-220.081914,-213.933343,-213.808050,-207.023009,-207.313258
13.2,-301.928867,-301.951799,-284.015670,-283.990560,-267.223312,-267.236351,-247.877016,-247.867155,-231.562304,-231.523961,-220.319178,-220.432568,-214.277741,-214.185954,-207.055340,-207.327450
13.3,-302.278008,-302.297048,-283.994147,-283.986019,-267.781434,-267.811557,-248.568231,-248.480353,-231.712979,-231.730427,-220.246139,-220.419356,-214.039329,-214.044812,-207.348355,-207.599125
13.4,-302.615356,-302.627642,-284.569625,-284.525644,-267.917032,-267.947721,-249.179633,-249.057434,-231.779128,-231.860619,-219.831811,-220.007500,-213.968307,-213.942503,-207.724786,-207.838268
13.5,-303.202887,-303.203191,-284.450777,-284.379328,-268.076387,-268.122055,-249.205291,-249.147275,-231.969470,-232.060947,-219.993184,-220.136976,-213.390848,-213.244058,-208.353270,-208.438722
13.6,-303.278158,-303.267618,-284.733264,-284.680249,-267.917026,-267.938759,-249.451073,-249.440863,-232.129180,-232.257899,-220.521074,-220.565390,-213.264561,-213.122173,-207.837418,-207.884787
13.7,-303.166609,-303.143005,-284.870680,-284.849592,-267.860364,-267.890300,-249.428812,-249.482315,-232.025755,-232.126329,-220.870899,-220.889874,-213.043440,-212.904300,-207.911811,-207.865049
13.8,-303.414311,-303.386837,-285.468458,-285.452950,-267.982148,-268.038171,-249.035954,-249.076412,-231.911915,-232.026197,-221.000845,-221.006526,-212.823810,-212.715129,-207.776169,-207.648734
13.9,-303.330918,-303.306112,-285.638919,-285.620305,-267.709300,-267.713687,-248.540693,-248.541073,-231.164149,-231.284583,-221.388369,-221.290544,-212.895626,-212.767271,-207.456832,-207.368666
14,-303.185420,-303.158245,-285.123007,-285.109892,-267.087216,-267.097819,-247.930573,-247.996856,-230.650921,-230.801755,-220.805727,-220.656320,-212.109596,-212.002061,-207.070257,-206.808284
14.1,-302.855200,-302.843399,-284.692870,-284.682651,-266.558567,-266.618573,-247.107975,-247.205599,-229.880738,-229.946564,-220.566990,-220.331398,-211.411039,-211.437158,-206.478176,-206.174240
14.2,-302.238275,-302.226672,-284.133976,-284.112034,-265.778167,-265.815021,-246.364401,-246.434714,-229.282601,-229.246647,-220.081483,-219.720935,-211.366196,-211.384260,-205.827195,-205.527891
14.3,-301.325644,-301.331500,-283.086814,-283.057347,-264.662706,-264.684844,-245.339612,-245.428988,-228.378392,-228.364702,-219.321438,-218.882839,-211.053799,-211.122703,-204.548367,-204.449807
14.4,-300.865787,-300.868376,-282.084615,-282.050568,-263.732890,-263.770226,-244.124610,-244.253433,-227.510577,-227.379834,-217.993570,-217.634273,-210.332770,-210.395884,-203.396924,-203.372972
14.5,-299.669876,-299.695812,-281.131411,-281.078072,-262.450829,-262.509660,-243.010955,-243.136667,-226.595587,-226.464959,-217.294442,-216.874375,-209.626819,-209.654510,-202.467011,-202.500362
14.6,-298.612923,-298.656789,-279.796863,-279.755086,-261.208910,-261.282670,-241.653291,-241.868403,-225.714423,-225.610751,-216.208930,-215.797170,-208.722750,-208.744658,-201.597047,-201.732340
14.7,-297.748385,-297.779940,-278.682871,-278.635605,-259.994645,-260.036907,-240.851386,-241.048987,-224.644781,-224.594180,-214.918099,-214.606970,-207.763014,-207.869686,-200.731796,-200.899459
14.8,-297.163740,-297.199275,-278.079634,-278.054335,-259.424749,-259.434429,-239.796304,-239.986203,-224.288819,-224.291791,-213.925018,-213.660081,-206.870719,-206.980522,-199.854071,-200.027401
14.9,-296.055225,-296.098859,-277.199622,-277.181805,-258.877214,-258.896933,-239.281301,-239.459252,-224.104153,-224.112490,-213.210132,-213.059801,-205.729624,-205.732653,-199.410246,-199.600833
15,-295.697143,-295.736538,-276.759060,-276.745731,-259.046458,-259.012940,-238.871992,-239.024935,-224.101952,-224.094344,-212.354315,-212.352461,-205.090709,-205.113868,-199.270376,-199.466249
