K,Div,0.1,0.2,0.3,0.4,0.5,0.6,0.7,0.8,0.9,1,,CL,Div,-0.1,-0.2,-0.3,-0.4,-0.5,-0.6,-0.7,-0.8,-0.9,-1,,Mg,Div,0.2,0.4,0.6,0.8,1,1.2,1.4,1.6,1.8,2
,0,0.00,0.00,0.00,0.00,0.00,0.00,0.00,0.00,0.00,0.00,,,0,0.00,0.00,0.00,0.00,0.00,0.00,0.00,0.00,0.00,0.00,,,0,0.00,0.00,0.00,0.00,0.00,0.00,0.00,0.00,0.00,0.00
,0.1,0.00,0.00,0.00,0.00,0.00,0.00,0.00,0.00,0.00,0.00,,,0.1,0.00,0.00,0.00,0.00,0.00,0.00,0.00,0.00,0.00,0.00,,,0.1,0.00,0.00,0.00,0.00,0.00,0.00,0.00,0.00,0.00,0.00
,0.2,0.00,0.00,0.00,0.00,0.00,0.00,0.00,0.00,0.00,0.00,,,0.2,0.00,0.00,0.00,0.00,0.00,0.00,0.00,0.00,0.00,0.00,,,0.2,0.00,0.00,0.00,0.00,0.00,0.00,0.00,0.00,0.00,0.00
,0.3,0.00,0.00,0.00,0.00,0.00,0.00,0.00,0.00,0.00,0.00,,,0.3,0.00,0.00,0.00,0.00,0.00,0.00,0.00,0.00,0.00,0.00,,,0.3,0.00,0.00,0.00,0.00,0.00,0.00,0.00,0.00,0.00,0.00
,0.4,0.00,0.00,0.00,0.00,0.00,0.00,0.00,0.00,0.00,0.00,,,0.4,0.00,0.00,0.00,0.00,0.00,0.00,0.00,0.00,0.00,0.00,,,0.4,0.00,0.00,0.00,0.00,0.00,0.00,0.00,0.00,0.00,0.00
,0.5,0.00,0.00,0.00,0.00,0.00,0.00,0.00,0.00,0.00,0.00,,,0.5,0.00,0.00,0.00,0.00,0.00,0.00,0.00,0.00,0.00,0.00,,,0.5,0.00,0.00,0.00,0.00,0.00,0.00,0.00,0.00,0.00,0.00
,0.6,0.00,0.00,0.00,0.00,0.00,0.00,0.00,0.00,0.00,0.00,,,0.6,0.00,0.00,0.00,0.00,0.00,0.00,0.00,0.00,0.00,0.00,,,0.6,0.00,0.00,0.00,0.00,0.00,0.00,0.00,0.00,0.00,0.00
,0.7,0.00,0.00,0.00,0.00,0.00,0.00,0.00,0.00,0.00,0.00,,,0.7,0.00,0.00,0.00,0.00,0.00,0.00,0.00,0.00,0.00,0.00,,,0.7,0.00,0.00,0.00,0.00,0.00,0.00,0.00,0.00,0.00,0.00
,0.8,0.00,0.00,0.00,0.00,0.00,0.00,0.00,0.00,0.00,0.00,,,0.8,0.00,0.00,0.00,0.00,0.00,0.00,0.00,0.00,0.00,0.00,,,0.8,0.00,0.00,0.00,0.00,0.00,0.00,0.00,0.00,0.00,0.00
,0.9,0.00,0.00,0.00,0.00,0.00,0.00,0.00,0.00,0.00,0.00,,,0.9,0.00,0.00,0.00,0.00,0.00,0.00,0.00,0.00,0.00,0.00,,,0.9,0.00,0.00,0.00,0.00,0.00,0.00,0.00,0.00,0.00,0.00
,1,0.00,0.00,0.00,0.00,0.00,0.00,0.00,0.00,0.00,0.00,,,1,0.00,0.00,0.00,0.00,0.00,0.00,0.00,0.00,0.00,0.00,,,1,0.00,0.00,0.00,0.00,0.00,0.00,0.00,0.00,0.00,0.00
,1.1,0.00,0.00,0.00,0.00,0.00,0.00,0.00,0.00,0.00,0.00,,,1.1,0.00,0.00,0.00,0.00,0.00,0.00,0.00,0.00,0.00,0.00,,,1.1,0.00,0.00,0.00,0.00,0.00,0.00,0.00,0.00,0.00,0.00
,1.2,0.00,0.00,0.00,0.00,0.00,0.00,0.00,0.00,0.00,0.00,,,1.2,0.00,0.00,0.00,0.00,0.00,0.00,0.00,0.00,0.00,0.00,,,1.2,-0.02,-0.02,-0.02,-0.02,-0.02,-0.02,-0.02,-0.02,-0.02,-0.02
,1.3,0.00,0.00,0.00,0.00,0.00,0.00,0.00,0.00,0.00,0.00,,,1.3,0.00,0.00,0.00,0.00,0.00,0.00,0.00,0.00,0.00,0.00,,,1.3,-0.12,-0.12,-0.12,-0.12,-0.12,-0.12,-0.12,-0.12,-0.12,-0.12
,1.4,0.00,0.00,0.00,0.00,0.00,0.00,0.00,0.00,0.00,0.00,,,1.4,0.00,0.00,0.00,0.00,0.00,0.00,0.00,0.00,0.00,0.00,,,1.4,-0.52,-0.52,-0.52,-0.52,-0.52,-0.52,-0.52,-0.52,-0.52,-0.52
,1.5,0.00,0.00,0.00,0.00,0.00,0.00,0.00,0.00,0.00,0.00,,,1.5,0.00,0.00,0.00,0.00,0.00,0.00,0.00,0.00,0.00,0.00,,,1.5,-1.52,-1.53,-1.53,-1.53,-1.53,-1.53,-1.53,-1.53,-1.53,-1.53
,1.6,-0.00,-0.00,-0.00,-0.00,-0.00,-0.00,-0.00,-0.00,-0.00,-0.00,,,1.6,0.00,0.00,0.00,0.00,0.00,0.00,0.00,0.00,0.00,0.00,,,1.6,-3.50,-3.56,-3.56,-3.56,-3.56,-3.56,-3.56,-3.56,-3.56,-3.56
,1.7,-0.00,-0.00,-0.00,-0.00,-0.00,-0.00,-0.00,-0.00,-0.00,-0.00,,,1.7,0.00,0.00,0.00,0.00,0.00,0.00,0.00,0.00,0.00,0.00,,,1.7,-7.10,-7.38,-7.41,-7.41,-7.41,-7.41,-7.41,-7.41,-7.41,-7.41
,1.8,-0.03,-0.03,-0.03,-0.03,-0.03,-0.03,-0.03,-0.03,-0.03,-0.03,,,1.8,0.00,0.00,0.00,0.00,0.00,0.00,0.00,0.00,0.00,0.00,,,1.8,-12.68,-13.70,-13.89,-13.91,-13.91,-13.91,-13.91,-13.91,-13.92,-13.94
,1.9,-0.18,-0.19,-0.20,-0.20,-0.20,-0.20,-0.20,-0.20,-0.20,-0.20,,,1.9,0.00,0.00,0.00,0.00,0.00,0.00,0.00,0.01,0.02,0.06,,,1.9,-20.17,-23.10,-24.16,-25.12,-26.24,-26.46,-28.95,-36.76,-54.72,-89.77
,2,-0.61,-0.71,-0.74,-0.74,-0.74,-0.74,-0.74,-0.74,-0.74,-0.74,,,2,0.00,0.00,0.01,0.04,0.09,0.28,0.65,1.37,2.70,4.76,,,2,-29.08,-37.28,-53.02,-91.27,-121.07,-134.60,-200.23,-311.84,-448.76,-588.74
,2.1,-1.53,-1.87,-1.96,-1.98,-1.99,-1.99,-1.99,-1.99,-1.99,-1.99,,,2.1,0.00,0.05,0.22,0.73,2.02,4.70,9.54,17.38,28.76,43.97,,,2.1,-40.52,-77.27,-167.90,-299.92,-372.86,-440.00,-577.78,-711.01,-806.96,-864.36
,2.2,-3.25,-4.15,-4.42,-4.52,-4.55,-4.57,-4.58,-4.59,-4.59,-4.59,,,2.2,0.07,0.48,1.67,5.13,12.03,23.91,41.91,67.20,98.54,135.16,,,2.2,-60.54,-157.92,-331.68,-486.93,-578.34,-685.82,-797.07,-862.71,-895.68,-913.31
,2.3,-5.86,-7.87,-8.65,-8.96,-9.12,-9.19,-9.26,-9.29,-9.33,-9.33,,,2.3,0.43,2.11,6.43,16.40,34.35,60.48,95.78,138.84,186.55,236.83,,,2.3,-85.87,-237.63,-437.93,-573.04,-673.25,-791.12,-863.85,-895.03,-911.56,-923.55
,2.4,-9.16,-12.99,-14.68,-15.60,-16.02,-16.32,-16.58,-16.78,-16.93,-17.05,,,2.4,1.41,5.59,15.34,34.65,64.97,104.20,152.36,205.58,260.15,314.05,,,2.4,-104.21,-282.23,-472.55,-588.00,-693.43,-812.87,-867.32,-889.38,-903.65,-915.24
,2.5,-13.15,-19.44,-22.50,-24.37,-25.52,-26.62,-27.61,-29.25,-31.30,-34.25,,,2.5,3.19,11.23,27.70,56.29,96.65,144.82,199.25,255.48,310.45,362.70,,,2.5,-112.01,-289.10,-455.17,-555.56,-662.53,-780.88,-828.28,-847.84,-859.04,-865.98
,2.6,-17.18,-26.46,-31.81,-35.66,-39.39,-45.08,-52.94,-66.28,-84.10,-108.30,,,2.6,5.72,18.46,41.71,78.03,124.77,177.59,233.43,289.28,341.88,390.88,,,2.6,-109.16,-268.26,-403.53,-486.37,-585.93,-694.49,-729.76,-734.18,-725.26,-706.18
,2.7,-21.24,-34.47,-44.48,-54.93,-68.65,-89.81,-119.06,-160.13,-209.31,-267.77,,,2.7,8.92,26.87,55.93,98.04,147.88,202.17,257.15,310.77,360.26,406.46,,,2.7,-98.83,-230.02,-330.27,-389.55,-471.15,-557.17,-564.18,-537.71,-496.99,-450.70
,2.8,-25.39,-44.79,-63.94,-87.28,-118.13,-161.63,-215.36,-283.55,-355.39,-431.52,,,2.8,12.66,35.62,69.46,115.14,165.84,219.44,272.25,323.09,369.80,413.44,,,2.8,-83.83,-182.81,-247.68,-282.30,-342.79,-400.31,-381.23,-340.48,-301.02,-271.51
,2.9,-28.95,-56.11,-85.86,-123.45,-171.55,-232.02,-299.75,-378.64,-455.00,-530.95,,,2.9,17.04,44.32,82.01,129.08,179.14,230.65,280.58,328.07,371.56,411.99,,,2.9,-67.78,-135.50,-168.57,-188.07,-234.24,-271.87,-252.05,-229.07,-216.36,-212.84
,3,-31.45,-64.80,-103.47,-150.80,-209.10,-274.55,-345.29,-420.93,-491.56,-558.56,,,3,21.11,52.02,91.51,138.16,185.20,231.26,273.85,311.91,343.87,370.51,,,3,-52.66,-92.11,-103.43,-121.22,-162.83,-193.30,-189.82,-188.47,-191.36,-196.10
,3.1,-31.49,-68.22,-111.45,-161.93,-221.51,-284.57,-349.54,-414.57,-474.04,-528.65,,,3.1,24.27,57.08,95.62,136.34,172.39,202.94,224.76,237.68,241.78,238.00,,,3.1,-38.82,-56.45,-57.44,-80.84,-121.41,-151.86,-164.18,-174.22,-181.72,-187.90
,3.2,-30.03,-66.32,-109.93,-158.89,-212.94,-267.69,-322.79,-373.30,-419.11,-459.78,,,3.2,26.14,57.52,89.52,116.92,132.43,138.64,134.02,118.57,97.33,71.52,,,3.2,-27.31,-31.31,-29.88,-57.52,-97.29,-129.61,-152.48,-168.18,-177.38,-183.95
,3.3,-27.27,-61.21,-101.32,-144.89,-190.65,-233.65,-276.32,-311.04,-342.72,-368.15,,,3.3,26.14,52.98,73.84,84.70,80.18,67.44,44.78,16.51,-12.50,-40.25,,,3.3,-19.76,-16.48,-16.19,-44.72,-82.49,-115.81,-146.05,-165.87,-176.31,-183.29
,3.4,-22.87,-53.60,-87.77,-124.10,-159.86,-191.05,-220.06,-240.06,-258.30,-270.32,,,3.4,24.95,45.34,56.44,54.83,39.42,18.52,-7.02,-32.49,-55.02,-73.89,,,3.4,-15.28,-9.92,-11.68,-39.26,-73.50,-106.60,-142.03,-165.33,-177.19,-184.81
,3.5,-19.39,-45.55,-73.84,-101.39,-126.86,-147.11,-163.78,-171.72,-178.82,-181.47,,,3.5,21.92,37.16,42.00,35.17,18.97,1.24,-17.49,-33.05,-43.77,-49.00,,,3.5,-13.94,-10.35,-14.76,-39.95,-69.29,-100.33,-139.46,-165.95,-179.48,-188.35
,3.6,-16.31,-37.46,-59.07,-78.90,-95.15,-105.83,-112.99,-112.28,-113.05,-111.25,,,3.6,19.60,31.70,33.89,27.68,17.66,8.76,0.85,-1.80,-0.84,4.03,,,3.6,-14.88,-15.30,-23.98,-46.23,-70.40,-97.66,-138.43,-167.79,-183.89,-195.49
,3.7,-12.98,-30.37,-45.63,-58.36,-66.50,-70.31,-71.10,-66.64,-64.72,-61.82,,,3.7,16.69,26.41,29.92,28.16,26.94,28.40,32.26,40.16,49.85,61.61,,,3.7,-17.64,-23.97,-37.80,-58.37,-77.77,-100.25,-140.51,-172.36,-192.70,-209.68
,3.8,-11.15,-24.57,-34.69,-42.11,-44.77,-44.63,-41.85,-36.31,-33.66,-31.81,,,3.8,14.89,23.68,29.66,34.21,42.47,53.10,66.45,82.59,97.99,113.81,,,3.8,-21.70,-34.86,-55.39,-76.53,-92.15,-110.86,-149.19,-183.57,-210.62,-237.01
,3.9,-10.00,-20.26,-26.73,-30.74,-29.97,-28.34,-24.33,-18.95,-17.19,-16.52,,,3.9,13.09,22.22,31.48,41.91,58.29,76.02,96.62,118.48,138.73,157.76,,,3.9,-26.13,-47.43,-75.52,-98.93,-113.89,-131.44,-167.10,-204.75,-241.32,-280.14
,4,-9.47,-17.26,-21.47,-23.88,-21.78,-20.08,-16.44,-13.07,-11.45,-11.91,,,4,11.91,21.98,34.23,50.09,72.51,95.50,121.59,148.01,171.59,193.34,,,4,-31.54,-61.35,-97.48,-125.50,-143.70,-163.72,-197.82,-239.37,-286.56,-339.57
,4.1,-9.22,-15.65,-18.97,-21.08,-19.20,-17.98,-15.96,-14.32,-13.90,-16.24,,,4.1,10.69,21.69,36.86,56.72,82.80,109.77,139.79,169.20,196.09,220.50,,,4.1,-37.14,-75.74,-120.53,-154.43,-178.76,-205.14,-240.19,-286.80,-343.82,-408.69
,4.2,-9.83,-15.53,-18.74,-21.32,-21.09,-21.25,-21.31,-22.69,-23.66,-27.28,,,4.2,10.62,22.60,39.68,62.40,91.05,120.04,152.39,183.84,213.23,240.25,,,4.2,-42.95,-90.25,-143.71,-185.23,-217.40,-252.37,-290.74,-342.39,-406.96,-479.06
,4.3,-10.77,-16.44,-20.72,-23.92,-25.96,-28.28,-30.49,-34.97,-38.52,-44.29,,,4.3,10.16,22.96,41.18,65.70,95.35,125.74,159.41,191.78,222.88,252.12,,,4.3,-48.28,-103.32,-165.13,-215.07,-256.48,-300.47,-344.97,-400.42,-468.95,-541.06
,4.4,-11.88,-18.39,-23.92,-28.03,-33.01,-37.84,-42.73,-50.57,-57.34,-65.84,,,4.4,9.94,23.73,42.25,67.56,97.48,128.34,162.59,194.92,227.21,257.58,,,4.4,-53.35,-115.34,-184.67,-243.17,-293.22,-346.90,-396.54,-453.92,-521.21,-587.71
,4.5,-12.83,-20.44,-27.87,-33.51,-41.34,-48.98,-56.78,-68.67,-79.09,-90.94,,,4.5,9.53,24.48,43.18,68.94,98.48,129.56,163.00,194.72,226.83,258.41,,,4.5,-56.84,-125.02,-201.39,-266.72,-324.15,-385.49,-439.93,-496.58,-556.33,-612.46
,4.6,-14.36,-23.35,-32.76,-40.55,-51.16,-62.10,-73.20,-88.95,-103.32,-118.68,,,4.6,9.50,24.94,44.09,69.75,98.72,129.28,161.93,192.61,224.41,255.31,,,4.6,-60.00,-133.32,-214.72,-285.85,-348.43,-414.84,-471.32,-523.24,-571.93,-614.33
,4.7,-15.50,-26.60,-38.32,-48.31,-61.51,-75.89,-90.70,-110.19,-128.20,-148.08,,,4.7,9.87,26.41,46.15,71.71,99.23,129.74,160.61,190.18,220.64,250.27,,,4.7,-61.44,-137.80,-223.23,-296.54,-362.25,-430.85,-485.81,-529.72,-565.79,-595.01
,4.8,-17.14,-30.28,-43.98,-56.26,-72.23,-89.77,-108.82,-131.15,-153.37,-176.73,,,4.8,10.87,28.03,48.42,73.54,100.30,129.77,159.22,187.01,215.66,243.73,,,4.8,-61.65,-139.80,-225.83,-298.85,-364.71,-433.21,-483.14,-517.73,-542.89,-560.33
,4.9,-17.92,-32.75,-48.69,-63.76,-82.20,-102.70,-125.20,-151.02,-176.56,-202.71,,,4.9,12.26,29.94,51.18,75.49,101.63,130.05,157.36,183.23,209.83,235.53,,,4.9,-61.01,-139.03,-222.68,-292.38,-355.96,-421.09,-464.71,-491.61,-507.57,-516.94
,5,-19.22,-35.80,-53.59,-70.96,-91.64,-115.29,-140.51,-168.90,-197.28,-226.11,,,5,13.94,32.21,53.91,78.03,103.02,129.71,154.84,178.53,202.96,226.06,,,5,-59.25,-134.94,-213.45,-277.56,-338.00,-398.81,-435.96,-456.04,-466.51,-471.41
,5.1,-19.50,-37.86,-57.31,-77.16,-99.63,-125.32,-153.14,-183.58,-214.03,-245.08,,,5.1,15.13,34.30,56.33,79.33,103.06,127.87,150.71,172.36,194.08,214.18,,,5.1,-56.37,-128.29,-199.53,-257.35,-314.53,-369.83,-401.22,-417.76,-425.69,-429.00
,5.2,-19.59,-39.55,-60.29,-81.89,-105.77,-133.39,-163.26,-194.49,-226.24,-258.50,,,5.2,16.74,36.12,58.31,80.49,101.99,124.64,144.88,164.93,183.82,201.26,,,5.2,-52.81,-118.53,-181.70,-234.20,-287.91,-337.57,-365.18,-380.83,-388.63,-393.16
,5.3,-19.68,-40.84,-62.01,-85.13,-110.29,-138.80,-169.86,-201.90,-233.78,-266.02,,,5.3,17.80,37.21,59.09,79.95,99.08,119.69,137.21,155.68,172.44,187.89,,,5.3,-48.96,-108.29,-163.93,-211.59,-261.14,-307.01,-333.42,-349.34,-358.92,-366.08
,5.4,-19.84,-41.22,-62.87,-87.35,-113.09,-141.97,-173.14,-204.42,-235.82,-266.96,,,5.4,19.00,38.22,58.88,78.73,95.42,113.94,129.12,145.39,161.36,175.39,,,5.4,-45.65,-98.60,-147.61,-191.44,-238.30,-280.78,-307.37,-325.34,-337.74,-347.87
,5.5,-19.03,-40.45,-62.58,-87.22,-112.85,-141.63,-172.16,-201.30,-231.13,-260.58,,,5.5,19.43,38.11,57.17,75.18,90.04,106.36,120.14,134.95,149.54,162.71,,,5.5,-42.92,-89.76,-133.81,-175.24,-219.31,-259.55,-288.01,-308.79,-324.18,-337.10
,5.6,-18.35,-39.96,-61.59,-85.88,-110.80,-138.44,-167.25,-194.07,-221.47,-247.95,,,5.6,19.06,37.02,54.47,70.35,83.52,97.83,110.75,124.62,138.39,151.66,,,5.6,-40.48,-82.97,-123.48,-163.06,-205.17,-244.44,-274.92,-298.82,-317.06,-333.42
,5.7,-17.45,-38.41,-59.21,-82.57,-106.66,-131.81,-158.64,-182.18,-206.42,-229.79,,,5.7,18.61,35.15,51.31,64.93,77.08,90.21,102.00,115.91,129.36,142.76,,,5.7,-38.76,-77.99,-116.27,-155.16,-196.17,-235.19,-268.14,-294.45,-314.67,-334.37
,5.8,-16.76,-36.52,-56.10,-78.03,-100.33,-123.58,-146.93,-167.44,-189.22,-209.45,,,5.8,17.46,32.83,47.30,59.85,71.17,83.49,95.23,108.97,122.98,137.09,,,5.8,-37.39,-75.10,-112.52,-150.78,-190.96,-230.23,-265.24,-293.71,-316.51,-339.24
,5.9,-16.00,-34.60,-52.72,-72.78,-93.77,-113.75,-134.35,-152.32,-171.26,-188.97,,,5.9,16.11,30.30,42.77,54.94,65.97,78.01,91.10,105.23,120.26,135.52,,,5.9,-37.41,-74.83,-112.88,-151.10,-190.10,-230.52,-266.95,-297.34,-322.58,-348.48
,6,-16.42,-33.38,-50.11,-68.06,-87.29,-104.91,-122.42,-137.86,-155.31,-170.37,,,6,14.76,27.63,39.66,51.66,63.29,75.89,90.66,105.88,122.28,139.19,,,6,-37.55,-75.15,-113.72,-152.04,-191.64,-232.80,-270.02,-302.22,-330.23,-358.91
,6.1,-16.01,-31.91,-47.14,-63.59,-80.77,-96.49,-111.68,-125.80,-140.75,-155.00,,,6.1,13.93,25.61,37.27,49.66,63.26,76.94,93.76,110.67,128.08,146.89,,,6.1,-38.45,-77.59,-117.32,-156.04,-196.20,-237.90,-276.23,-309.69,-340.48,-371.69
,6.2,-14.94,-30.41,-45.00,-59.80,-75.57,-89.29,-103.31,-116.35,-129.98,-143.02,,,6.2,13.18,24.70,36.46,49.76,65.38,81.13,99.75,118.69,137.38,157.68,,,6.2,-40.44,-80.54,-122.69,-161.90,-202.17,-245.00,-283.97,-318.67,-351.76,-386.06
,6.3,-14.41,-28.97,-42.97,-56.59,-71.46,-84.16,-96.58,-110.14,-122.60,-135.73,,,6.3,12.49,23.96,37.26,51.47,69.83,87.19,107.80,128.12,148.20,169.11,,,6.3,-42.01,-83.96,-128.03,-168.45,-209.08,-252.68,-292.08,-328.42,-363.51,-399.88
,6.4,-14.08,-27.97,-41.90,-54.59,-68.78,-81.02,-93.05,-106.53,-119.08,-131.92,,,6.4,12.09,24.04,38.47,54.94,74.79,94.05,116.52,137.52,158.58,180.32,,,6.4,-43.39,-87.61,-133.80,-175.67,-216.51,-261.03,-300.90,-338.29,-375.18,-413.18
,6.5,-14.12,-27.75,-41.16,-54.26,-67.89,-80.08,-92.05,-106.06,-118.80,-132.26,,,6.5,11.68,24.73,39.94,58.30,79.92,100.17,123.95,145.54,167.40,188.96,,,6.5,-44.79,-91.02,-139.28,-182.77,-224.77,-269.83,-309.88,-347.79,-386.12,-425.21
,6.6,-14.88,-27.91,-41.66,-54.65,-68.26,-80.35,-93.05,-108.25,-121.11,-135.52,,,6.6,12.00,25.78,42.10,62.19,84.36,105.90,130.19,152.49,173.98,196.47,,,6.6,-45.83,-93.62,-144.21,-188.87,-232.42,-278.05,-318.48,-356.75,-395.70,-434.91
,6.7,-15.79,-28.45,-42.44,-56.09,-69.36,-82.36,-96.06,-111.66,-125.17,-140.53,,,6.7,12.48,26.85,43.87,65.58,87.31,109.64,134.16,157.06,178.56,200.89,,,6.7,-47.45,-96.76,-149.18,-196.02,-240.46,-286.74,-327.04,-365.42,-404.31,-442.94
,6.8,-16.53,-28.99,-43.59,-57.52,-70.96,-85.02,-100.09,-116.48,-130.47,-147.05,,,6.8,12.50,27.65,45.16,67.81,89.32,112.46,136.39,159.47,181.18,203.25,,,6.8,-48.04,-98.87,-152.85,-201.09,-246.74,-293.75,-333.90,-372.07,-409.98,-447.39
,6.9,-16.97,-29.60,-44.74,-59.39,-73.05,-88.10,-104.74,-121.14,-136.25,-154.30,,,6.9,12.70,28.43,46.67,69.43,90.77,114.32,137.51,160.37,182.07,203.58,,,6.9,-48.46,-100.49,-155.94,-205.34,-251.97,-299.42,-339.79,-377.09,-413.65,-448.51
,7,-16.98,-30.68,-46.23,-60.61,-75.26,-91.76,-109.15,-126.03,-142.76,-161.12,,,7,13.24,29.57,47.93,70.16,91.69,115.11,137.17,160.37,182.18,202.57,,,7,-49.08,-101.64,-158.21,-208.35,-254.96,-302.96,-343.34,-378.79,-413.69,-446.11
,7.1,-17.03,-31.14,-47.31,-61.98,-77.49,-95.18,-113.24,-130.82,-148.61,-167.61,,,7.1,13.59,30.12,48.50,70.33,91.52,114.56,136.48,159.32,180.32,200.10,,,7.1,-48.94,-102.19,-158.96,-209.91,-257.08,-305.06,-344.80,-378.60,-410.97,-441.19
,7.2,-16.35,-31.63,-48.19,-63.28,-79.44,-97.72,-116.73,-134.93,-153.54,-173.45,,,7.2,13.82,30.86,49.21,69.75,91.40,113.46,134.59,157.48,177.57,197.43,,,7.2,-49.01,-102.54,-159.14,-210.13,-257.39,-305.48,-344.64,-376.71,-406.76,-434.19
,7.3,-16.04,-32.11,-49.09,-64.87,-81.59,-100.28,-119.73,-138.83,-158.49,-178.34,,,7.3,14.14,31.22,49.41,69.47,90.59,112.62,132.93,154.59,174.62,194.27,,,7.3,-48.39,-101.72,-157.90,-208.72,-255.56,-303.90,-341.99,-372.42,-400.73,-425.29
,7.4,-16.13,-32.85,-49.59,-65.84,-83.50,-102.46,-121.88,-141.77,-162.28,-182.28,,,7.4,15.07,32.17,50.54,69.58,90.48,112.43,132.15,152.89,172.89,191.98,,,7.4,-47.10,-99.99,-156.04,-205.94,-252.45,-300.70,-337.27,-366.49,-393.59,-415.98
,7.5,-16.28,-33.76,-50.23,-67.34,-85.03,-104.53,-123.90,-144.19,-165.53,-185.18,,,7.5,15.19,32.66,50.61,69.18,89.48,110.89,130.43,150.42,170.67,189.10,,,7.5,-46.32,-98.93,-154.38,-203.30,-249.38,-297.05,-332.31,-361.06,-387.10,-408.56
,7.6,-16.17,-34.56,-50.43,-68.39,-85.84,-105.50,-125.06,-145.39,-167.18,-186.76,,,7.6,15.75,33.12,51.31,68.80,88.98,109.93,129.57,149.07,168.87,187.06,,,7.6,-45.59,-97.44,-151.80,-200.08,-245.99,-292.60,-327.48,-355.35,-380.82,-402.27
,7.7,-16.37,-34.87,-50.63,-68.86,-86.28,-105.89,-125.50,-146.35,-167.80,-187.24,,,7.7,15.86,32.91,51.08,68.22,88.37,108.73,128.25,147.42,167.28,185.18,,,7.7,-44.71,-96.16,-149.16,-197.13,-242.73,-288.08,-323.17,-350.88,-375.69,-397.50
,7.8,-16.65,-34.96,-50.71,-69.13,-86.45,-106.01,-125.50,-145.81,-167.55,-186.48,,,7.8,15.23,32.13,49.96,66.94,86.72,107.02,126.19,145.37,165.61,183.43,,,7.8,-44.72,-95.55,-147.69,-194.98,-240.23,-284.69,-319.72,-348.24,-373.02,-395.72
,7.9,-16.05,-34.25,-50.18,-68.14,-85.63,-104.78,-124.45,-144.13,-165.74,-184.57,,,7.9,15.29,32.27,49.48,66.71,86.31,105.90,125.43,144.14,164.49,182.95,,,7.9,-44.16,-95.07,-146.18,-193.05,-237.77,-281.73,-317.08,-346.46,-371.51,-395.05
,8,-15.69,-33.39,-49.97,-67.46,-84.87,-103.49,-123.33,-142.65,-163.69,-182.51,,,8,15.00,31.39,49.03,66.20,84.87,104.59,124.36,143.28,163.34,181.94,,,8,-44.61,-94.85,-145.92,-191.48,-236.07,-280.02,-315.59,-345.70,-371.82,-396.10
,8.1,-15.62,-32.68,-49.33,-66.47,-83.94,-102.39,-122.02,-140.78,-161.08,-180.35,,,8.1,14.33,30.75,48.05,65.28,83.65,103.23,123.10,142.58,162.54,181.65,,,8.1,-44.74,-94.43,-145.28,-190.81,-235.34,-279.10,-315.19,-346.21,-372.71,-397.75
,8.2,-15.45,-32.47,-48.59,-65.52,-82.68,-101.00,-120.35,-138.76,-158.45,-177.71,,,8.2,14.10,29.72,46.89,64.48,83.06,102.15,121.78,142.05,161.98,181.33,,,8.2,-44.86,-93.98,-145.09,-190.11,-235.32,-279.16,-315.49,-347.50,-374.38,-400.56
,8.3,-15.69,-32.55,-48.41,-65.29,-82.28,-100.18,-119.02,-137.37,-156.55,-176.29,,,8.3,14.01,29.52,46.27,64.18,82.49,101.50,121.80,142.09,162.61,182.01,,,8.3,-44.95,-93.95,-145.22,-190.38,-235.31,-280.09,-316.80,-349.24,-376.83,-403.79
,8.4,-15.79,-32.15,-47.88,-64.33,-81.72,-99.26,-117.62,-136.12,-154.83,-174.25,,,8.4,13.88,29.31,45.47,63.73,81.80,100.75,121.60,141.64,162.38,182.44,,,8.4,-45.11,-93.86,-145.57,-190.90,-236.06,-280.66,-318.21,-351.49,-379.25,-406.72
,8.5,-16.55,-32.39,-48.11,-64.34,-81.86,-98.68,-117.04,-135.54,-153.72,-173.39,,,8.5,13.82,28.50,44.97,63.53,81.78,100.59,121.60,141.99,162.54,182.86,,,8.5,-45.05,-93.99,-145.96,-191.63,-237.02,-282.14,-320.09,-353.70,-381.83,-410.16
,8.6,-16.16,-31.65,-47.19,-63.06,-81.06,-97.58,-115.14,-133.94,-152.07,-171.54,,,8.6,13.77,28.62,45.04,63.53,82.06,100.58,122.51,142.27,162.74,183.31,,,8.6,-44.87,-94.15,-146.20,-192.14,-237.48,-283.31,-321.78,-355.48,-384.25,-413.17
,8.7,-16.87,-31.50,-47.51,-62.72,-81.25,-97.35,-115.04,-133.90,-151.73,-171.53,,,8.7,13.49,28.30,44.73,63.36,82.19,100.82,122.39,142.20,162.78,183.49,,,8.7,-45.09,-94.76,-146.92,-193.52,-239.06,-285.15,-323.42,-357.30,-386.91,-416.01
,8.8,-17.71,-32.08,-47.96,-63.02,-81.57,-97.79,-115.48,-134.61,-152.18,-171.64,,,8.8,13.61,28.20,44.58,63.21,82.33,101.34,122.56,143.28,163.14,183.25,,,8.8,-45.26,-95.88,-148.11,-194.73,-240.20,-287.01,-325.84,-359.06,-389.47,-418.79
,8.9,-17.66,-31.94,-48.06,-62.99,-81.18,-97.78,-115.40,-135.08,-152.39,-171.88,,,8.9,14.67,28.69,44.97,63.96,83.08,102.34,123.38,144.30,163.60,183.72,,,8.9,-45.30,-96.57,-148.43,-195.30,-241.11,-288.53,-327.00,-359.19,-390.65,-419.98
,9,-17.87,-31.97,-47.96,-63.65,-81.25,-98.70,-116.28,-135.77,-153.39,-172.16,,,9,14.01,28.06,44.70,63.60,82.88,102.39,123.07,143.89,163.52,183.21,,,9,-44.94,-96.25,-148.01,-195.24,-240.89,-288.70,-327.03,-359.14,-390.85,-419.84
,9.1,-18.08,-32.24,-48.43,-63.71,-81.63,-99.09,-117.17,-136.33,-154.26,-172.46,,,9.1,14.28,28.79,45.74,64.40,83.50,103.45,123.89,144.47,163.95,183.45,,,9.1,-45.35,-96.23,-147.82,-195.15,-241.19,-288.36,-327.22,-358.72,-390.48,-419.03
,9.2,-17.96,-32.16,-47.97,-63.97,-81.57,-99.54,-117.83,-136.76,-155.36,-173.20,,,9.2,15.08,29.40,46.86,65.28,84.37,104.47,124.34,145.00,164.24,183.88,,,9.2,-45.74,-96.63,-147.97,-195.47,-241.30,-288.13,-326.99,-358.30,-390.22,-418.24
,9.3,-18.10,-32.22,-48.47,-64.21,-81.61,-99.85,-118.60,-137.39,-155.70,-174.53,,,9.3,15.12,29.77,47.43,66.37,84.73,105.03,124.74,145.07,164.12,183.44,,,9.3,-45.63,-95.95,-147.83,-195.08,-240.53,-287.21,-325.42,-357.24,-388.51,-416.66
,9.4,-17.53,-31.57,-48.26,-64.65,-81.60,-100.31,-118.65,-137.70,-156.10,-174.83,,,9.4,15.45,30.55,48.14,66.80,85.24,106.27,125.26,145.32,164.50,183.84,,,9.4,-45.48,-96.08,-147.38,-194.63,-240.03,-286.30,-324.43,-356.58,-386.39,-414.89
,9.5,-16.93,-31.67,-47.93,-64.88,-81.55,-100.07,-118.88,-137.77,-156.34,-174.68,,,9.5,15.19,31.12,48.11,66.85,85.33,106.06,124.96,145.25,164.89,183.56,,,9.5,-45.30,-95.53,-146.60,-194.12,-239.53,-284.96,-323.07,-355.29,-384.13,-412.87
,9.6,-16.75,-32.24,-48.56,-65.56,-81.47,-100.34,-119.64,-137.98,-156.83,-175.12,,,9.6,14.90,30.90,48.19,66.28,84.87,105.61,124.73,144.82,164.61,183.16,,,9.6,-46.14,-95.60,-146.91,-194.07,-239.12,-284.28,-322.43,-354.33,-382.56,-411.34
,9.7,-16.13,-31.96,-48.48,-65.48,-81.19,-100.43,-119.22,-137.33,-156.64,-175.11,,,9.7,14.65,30.93,47.90,66.11,84.67,105.31,124.92,144.53,164.41,183.25,,,9.7,-46.25,-94.59,-146.47,-193.23,-238.00,-283.04,-320.96,-352.65,-380.59,-409.36
,9.8,-15.82,-32.63,-48.75,-66.32,-81.65,-100.68,-119.00,-137.80,-156.67,-175.52,,,9.8,14.67,31.42,48.16,66.32,85.03,105.19,124.97,144.67,164.79,183.63,,,9.8,-46.96,-94.92,-146.53,-193.07,-237.63,-282.57,-320.72,-352.02,-379.59,-408.26
,9.9,-15.32,-32.67,-48.75,-66.10,-81.88,-100.28,-118.52,-137.42,-155.94,-174.89,,,9.9,14.46,31.16,47.60,66.15,85.02,105.12,124.90,144.85,165.02,183.80,,,9.9,-46.80,-94.21,-146.36,-192.85,-236.91,-282.35,-319.47,-350.90,-378.66,-406.94
,10,-14.92,-32.78,-48.71,-66.15,-82.03,-99.98,-118.16,-137.02,-155.47,-174.62,,,10,14.22,30.88,47.17,65.60,84.52,105.12,124.78,145.23,164.98,183.88,,,10,-46.86,-94.49,-146.41,-192.94,-236.63,-282.87,-319.21,-350.71,-378.93,-406.49
,10.1,-14.89,-32.70,-48.86,-66.12,-81.88,-99.76,-118.13,-136.58,-154.60,-174.17,,,10.1,13.48,30.14,46.45,64.87,84.12,104.30,124.45,145.37,164.86,183.82,,,10.1,-46.55,-94.67,-146.20,-192.22,-235.87,-282.44,-318.31,-350.28,-378.76,-406.25
,10.2,-15.13,-32.34,-48.09,-65.45,-81.58,-99.64,-117.35,-136.32,-154.02,-173.66,,,10.2,13.46,30.34,46.14,64.33,84.32,104.11,124.65,145.82,165.59,184.39,,,10.2,-46.46,-94.71,-146.42,-192.04,-236.04,-282.43,-318.54,-350.57,-379.19,-406.41
,10.3,-15.44,-32.74,-48.35,-65.45,-81.90,-99.62,-117.47,-135.96,-153.89,-173.27,,,10.3,13.43,29.87,45.76,64.09,84.79,104.22,124.80,145.98,165.61,185.27,,,10.3,-46.17,-95.11,-146.09,-192.71,-236.39,-282.57,-318.57,-351.07,-379.74,-406.83
,10.4,-15.71,-32.74,-47.98,-65.66,-81.97,-99.07,-117.62,-135.70,-153.73,-172.63,,,10.4,14.12,29.65,45.99,64.35,85.07,104.73,125.21,146.38,166.43,186.20,,,10.4,-45.94,-95.18,-146.14,-192.93,-236.43,-282.70,-318.73,-351.40,-380.68,-407.74
,10.5,-15.73,-32.70,-47.57,-65.17,-81.74,-98.83,-117.18,-134.70,-153.22,-172.34,,,10.5,14.34,29.77,46.40,64.48,85.52,105.14,125.46,146.78,167.33,186.61,,,10.5,-45.76,-95.23,-146.02,-193.30,-237.51,-282.78,-319.20,-352.33,-381.67,-408.60
,10.6,-16.03,-32.55,-48.03,-64.33,-81.48,-98.70,-116.63,-134.33,-153.28,-172.07,,,10.6,14.27,29.17,46.34,64.55,85.45,104.84,125.17,146.94,166.95,186.66,,,10.6,-44.94,-95.16,-145.94,-192.95,-237.98,-282.92,-319.85,-352.70,-382.22,-409.09
,10.7,-16.14,-32.38,-47.90,-63.83,-81.42,-98.38,-116.61,-133.59,-153.28,-171.97,,,10.7,14.23,28.81,46.40,64.72,85.50,105.35,125.84,146.88,166.80,186.63,,,10.7,-45.18,-95.50,-146.44,-193.66,-239.43,-284.04,-321.04,-354.36,-383.87,-410.61
,10.8,-16.25,-32.43,-48.16,-63.81,-81.55,-98.45,-116.49,-134.26,-153.62,-172.18,,,10.8,13.88,28.53,46.62,65.16,85.13,105.15,126.02,146.30,166.01,186.37,,,10.8,-44.66,-94.41,-146.19,-193.88,-239.93,-284.41,-321.84,-354.89,-384.14,-410.59
,10.9,-16.37,-32.38,-48.24,-63.80,-81.42,-98.56,-116.48,-134.38,-154.22,-172.54,,,10.9,14.17,28.70,47.32,65.32,85.01,105.22,126.59,146.27,166.26,186.78,,,10.9,-44.31,-94.51,-146.76,-194.21,-240.36,-284.96,-322.88,-355.34,-385.01,-411.76
,11,-16.47,-31.73,-48.46,-63.38,-81.14,-98.21,-116.10,-134.42,-154.36,-172.55,,,11,14.63,28.69,47.48,65.78,85.12,105.43,126.51,145.78,166.37,186.90,,,11,-44.39,-95.14,-148.28,-195.38,-241.40,-286.34,-324.39,-356.34,-386.36,-412.87
,11.1,-16.92,-32.04,-48.61,-63.62,-81.41,-98.55,-116.32,-134.97,-154.86,-173.20,,,11.1,14.52,29.14,47.82,65.98,85.02,105.82,126.84,145.78,166.56,186.86,,,11.1,-43.83,-94.48,-148.05,-195.11,-240.85,-286.90,-325.03,-356.58,-386.40,-413.19
,11.2,-17.25,-31.99,-48.78,-63.27,-81.66,-98.84,-116.47,-136.00,-155.45,-173.85,,,11.2,14.35,29.44,47.59,65.47,84.68,105.54,126.55,145.58,166.25,185.98,,,11.2,-43.98,-94.71,-148.33,-195.10,-241.07,-287.03,-325.68,-356.87,-386.35,-413.94
,11.3,-16.75,-31.53,-48.49,-62.77,-80.83,-98.82,-116.33,-136.07,-154.94,-173.53,,,11.3,14.79,29.66,47.68,65.62,84.82,105.32,126.35,145.37,165.87,186.03,,,11.3,-44.85,-95.50,-149.43,-195.29,-241.77,-287.72,-326.67,-357.05,-387.04,-414.67
,11.4,-16.87,-31.60,-48.01,-62.66,-80.82,-98.97,-116.85,-136.48,-155.24,-173.71,,,11.4,14.88,29.69,47.65,65.45,84.35,105.17,125.75,144.84,165.43,185.56,,,11.4,-45.32,-95.70,-149.55,-195.05,-242.02,-288.15,-326.51,-357.04,-386.78,-414.76
,11.5,-17.06,-32.04,-47.89,-63.24,-80.88,-99.15,-117.33,-137.29,-155.63,-174.26,,,11.5,14.94,30.11,47.69,65.76,84.58,104.98,125.48,144.69,165.57,185.52,,,11.5,-46.10,-96.10,-149.96,-195.18,-242.08,-288.16,-326.31,-357.17,-386.83,-414.91
,11.6,-17.30,-32.42,-47.80,-63.37,-81.23,-99.33,-117.33,-137.95,-156.07,-175.12,,,11.6,14.92,30.32,47.29,65.77,84.19,104.73,124.95,144.63,164.78,184.60,,,11.6,-46.16,-96.30,-149.66,-194.83,-241.81,-287.73,-325.55,-356.64,-386.06,-414.51
,11.7,-17.45,-32.78,-47.82,-64.22,-81.49,-99.89,-117.98,-138.00,-156.88,-175.52,,,11.7,14.57,30.52,47.05,65.64,83.43,104.28,124.28,144.58,164.26,184.18,,,11.7,-46.64,-96.37,-149.58,-195.39,-241.80,-287.89,-324.88,-357.21,-385.40,-414.06
,11.8,-17.36,-32.78,-48.39,-64.98,-81.85,-100.00,-118.65,-138.34,-157.29,-176.25,,,11.8,13.79,30.44,46.69,65.28,83.30,103.77,123.54,144.56,163.49,183.05,,,11.8,-46.67,-96.61,-148.97,-195.44,-241.09,-287.26,-324.28,-356.99,-384.87,-413.23
,11.9,-17.23,-33.14,-48.53,-65.56,-82.44,-100.12,-119.10,-138.71,-157.20,-176.59,,,11.9,14.01,31.14,47.21,65.99,83.71,103.77,123.61,144.58,163.87,183.23,,,11.9,-46.28,-96.48,-148.01,-194.63,-240.47,-286.26,-323.35,-355.92,-383.92,-412.17
,12,-17.07,-33.02,-48.33,-65.91,-82.28,-99.85,-118.97,-138.58,-156.55,-176.21,,,12,13.79,31.10,46.94,66.22,84.22,103.62,123.48,144.71,164.38,183.10,,,12,-46.40,-96.37,-147.65,-194.45,-239.95,-285.85,-323.03,-354.87,-383.96,-411.50
,12.1,-16.21,-32.42,-47.73,-65.70,-82.38,-99.42,-118.53,-138.36,-156.14,-175.77,,,12.1,13.65,31.13,46.98,65.89,84.18,103.34,122.86,144.58,164.18,182.69,,,12.1,-45.81,-95.82,-147.30,-193.93,-239.06,-284.99,-322.50,-354.23,-383.38,-410.66
,12.2,-16.37,-32.37,-47.90,-65.69,-82.50,-100.03,-118.38,-138.39,-156.33,-175.93,,,12.2,14.16,30.84,46.58,65.68,84.41,103.35,123.08,144.67,164.00,182.65,,,12.2,-45.22,-95.42,-146.73,-193.82,-237.32,-283.89,-321.48,-353.15,-382.75,-410.06
,12.3,-15.98,-32.14,-48.39,-65.67,-82.19,-99.95,-118.27,-137.97,-156.37,-175.40,,,12.3,14.52,30.53,46.42,65.21,84.34,103.42,123.36,144.85,163.96,182.55,,,12.3,-44.86,-95.20,-146.31,-193.69,-236.75,-283.27,-320.94,-352.55,-381.71,-408.93
,12.4,-15.64,-32.48,-48.66,-65.64,-82.37,-100.36,-118.40,-137.50,-156.50,-174.78,,,12.4,15.04,30.18,46.18,65.38,84.50,103.69,124.00,145.32,164.17,182.90,,,12.4,-45.64,-95.41,-146.33,-193.73,-236.68,-283.21,-320.78,-352.69,-381.64,-408.95
,12.5,-15.06,-32.01,-48.12,-65.53,-82.22,-99.65,-118.25,-136.65,-155.64,-173.88,,,12.5,15.24,30.28,46.39,65.60,85.06,104.09,124.92,145.69,164.32,183.45,,,12.5,-45.55,-95.60,-146.54,-193.89,-236.67,-283.40,-320.94,-352.64,-382.00,-409.04
,12.6,-14.84,-32.18,-47.88,-65.10,-82.00,-99.45,-118.43,-136.29,-155.49,-173.31,,,12.6,15.72,30.37,46.21,65.11,85.28,104.56,125.42,145.95,164.75,183.93,,,12.6,-45.31,-95.70,-146.15,-193.66,-236.65,-283.08,-320.62,-352.23,-381.89,-408.94
,12.7,-15.01,-32.26,-47.92,-65.04,-82.65,-99.67,-118.63,-136.02,-155.44,-173.34,,,12.7,15.93,30.11,46.15,64.85,85.29,104.39,125.72,146.06,165.04,184.23,,,12.7,-45.29,-95.80,-145.97,-193.42,-237.47,-282.99,-320.69,-352.54,-381.94,-409.22
,12.8,-15.05,-32.71,-47.94,-64.84,-82.47,-99.77,-118.69,-136.05,-155.05,-173.25,,,12.8,15.57,30.25,46.57,64.90,85.13,104.97,125.60,145.93,165.03,184.89,,,12.8,-45.83,-95.88,-146.35,-193.85,-237.85,-283.13,-320.76,-352.66,-382.49,-410.01
,12.9,-15.08,-32.53,-47.72,-64.21,-81.93,-99.55,-118.26,-135.53,-154.20,-172.99,,,12.9,15.32,30.20,46.94,65.00,84.89,105.63,126.14,146.02,165.94,185.36,,,12.9,-45.83,-95.59,-146.68,-193.94,-238.62,-283.63,-320.70,-353.44,-382.90,-410.67
,13,-15.84,-32.88,-48.49,-64.91,-82.13,-99.88,-118.69,-135.89,-154.39,-173.22,,,13,15.08,30.24,47.37,65.12,85.28,106.08,126.42,145.91,166.66,186.38,,,13,-45.99,-95.31,-146.84,-193.53,-238.72,-283.92,-320.97,-354.10,-383.24,-410.67
,13.1,-16.19,-32.62,-48.38,-64.43,-81.68,-99.69,-118.16,-135.85,-153.92,-173.06,,,13.1,14.31,29.57,47.15,64.86,84.63,105.65,126.05,145.63,166.00,186.30,,,13.1,-45.93,-94.94,-147.05,-193.42,-239.22,-284.25,-321.41,-354.50,-383.59,-410.72
,13.2,-16.89,-32.64,-48.55,-64.31,-81.90,-99.68,-118.24,-136.35,-154.20,-173.46,,,13.2,13.51,29.18,47.18,64.94,84.31,105.25,125.37,145.31,166.13,186.34,,,13.2,-45.97,-94.59,-147.23,-193.31,-239.56,-284.65,-322.25,-354.97,-383.98,-410.97
,13.3,-17.10,-32.46,-48.70,-64.26,-81.45,-99.65,-117.71,-136.24,-154.25,-173.21,,,13.3,12.76,28.41,47.15,64.73,84.33,105.05,125.28,144.50,166.07,185.98,,,13.3,-46.51,-94.98,-147.33,-193.16,-239.51,-285.01,-322.84,-355.51,-384.23,-411.22
,13.4,-17.17,-33.00,-49.27,-64.15,-81.45,-99.52,-117.54,-136.07,-154.03,-173.48,,,13.4,13.13,28.71,47.29,64.55,84.87,104.93,125.38,144.63,165.57,185.55,,,13.4,-46.22,-95.19,-147.72,-193.16,-240.11,-285.55,-322.97,-355.86,-384.18,-411.44
,13.5,-16.90,-33.13,-49.42,-63.97,-81.11,-99.04,-116.95,-135.93,-153.89,-173.49,,,13.5,13.10,28.78,47.62,64.50,84.77,104.79,124.97,144.49,165.27,185.14,,,13.5,-46.01,-95.59,-147.79,-193.68,-240.04,-285.97,-322.89,-355.95,-384.11,-411.54
,13.6,-16.83,-32.72,-48.72,-63.96,-81.01,-98.83,-116.78,-135.58,-154.07,-173.44,,,13.6,12.92,29.01,47.25,64.94,84.76,104.70,124.76,144.33,165.30,184.77,,,13.6,-45.59,-95.60,-147.46,-193.66,-240.11,-285.69,-323.02,-355.71,-384.16,-411.32
,13.7,-16.89,-32.51,-48.95,-64.37,-80.86,-98.80,-116.93,-135.43,-154.33,-173.66,,,13.7,12.99,29.39,47.33,65.55,84.78,104.72,124.58,144.35,165.28,184.90,,,13.7,-45.71,-95.53,-147.59,-194.12,-240.28,-285.90,-323.09,-355.22,-383.93,-412.02
,13.8,-17.02,-32.54,-49.21,-64.91,-80.82,-98.88,-117.01,-135.75,-154.81,-173.91,,,13.8,13.33,29.19,46.92,65.40,84.56,104.32,124.44,144.04,165.05,184.26,,,13.8,-45.42,-95.43,-147.36,-194.58,-240.73,-286.25,-322.96,-355.01,-384.13,-412.14
,13.9,-16.68,-32.24,-48.87,-64.80,-80.61,-98.71,-116.74,-136.01,-155.27,-173.79,,,13.9,13.69,29.81,47.13,65.46,84.59,104.66,124.50,144.41,165.18,184.17,,,13.9,-45.56,-95.31,-147.29,-194.44,-240.54,-285.95,-322.93,-355.07,-384.25,-411.62
,14,-16.65,-31.94,-48.53,-65.03,-80.56,-98.96,-116.88,-136.00,-155.22,-173.63,,,14,14.09,30.05,46.93,65.49,84.50,103.82,124.39,144.32,165.20,183.78,,,14,-45.55,-95.59,-147.22,-194.81,-240.00,-285.58,-322.96,-354.93,-384.12,-411.12
,14.1,-16.28,-31.47,-48.18,-64.88,-80.61,-99.25,-116.87,-136.49,-155.26,-173.79,,,14.1,14.71,29.85,46.89,65.47,84.29,104.32,124.26,144.44,165.36,184.26,,,14.1,-44.63,-94.76,-146.51,-193.93,-238.99,-284.57,-322.10,-354.17,-382.87,-410.00
,14.2,-16.08,-31.24,-47.89,-64.63,-80.59,-98.87,-116.65,-136.41,-155.16,-173.58,,,14.2,14.83,30.00,46.56,65.52,83.84,104.25,124.23,144.75,165.19,184.64,,,14.2,-44.44,-94.27,-146.55,-193.59,-238.82,-284.09,-322.02,-353.46,-382.84,-410.15
,14.3,-16.37,-30.74,-47.56,-64.70,-80.73,-98.94,-116.94,-136.26,-155.11,-173.39,,,14.3,15.03,30.74,46.93,65.67,84.02,104.42,124.73,145.47,165.18,184.65,,,14.3,-44.29,-94.35,-146.59,-193.61,-238.77,-284.32,-321.79,-353.82,-382.68,-410.87
,14.4,-15.86,-30.03,-47.36,-64.62,-80.96,-98.28,-116.89,-136.11,-154.27,-173.10,,,14.4,14.93,30.33,46.52,65.51,83.51,103.75,124.54,145.49,164.64,184.16,,,14.4,-44.21,-94.48,-146.45,-193.22,-238.38,-284.02,-321.97,-353.61,-382.48,-411.03
,14.5,-15.90,-30.36,-47.08,-63.86,-81.05,-98.73,-116.79,-136.16,-154.90,-172.62,,,14.5,15.50,30.57,47.13,65.98,84.04,104.15,125.35,146.18,164.91,184.69,,,14.5,-44.24,-94.49,-146.53,-192.91,-238.05,-283.97,-321.89,-353.67,-382.62,-411.30
,14.6,-15.91,-30.59,-46.99,-63.97,-81.40,-98.86,-117.21,-136.00,-155.06,-173.10,,,14.6,15.01,30.47,46.87,65.97,84.03,104.19,125.13,146.04,165.05,184.88,,,14.6,-44.53,-94.98,-147.13,-193.35,-238.02,-284.41,-322.48,-353.84,-382.88,-411.76
,14.7,-15.73,-30.79,-47.08,-63.73,-81.94,-99.12,-117.21,-136.33,-155.22,-173.94,,,14.7,15.20,31.18,47.09,66.36,84.23,104.50,125.60,146.26,165.31,184.94,,,14.7,-45.37,-95.69,-147.81,-194.05,-238.54,-285.43,-323.35,-354.36,-383.57,-412.51
,14.8,-15.95,-30.91,-47.26,-64.01,-82.51,-99.38,-117.71,-136.39,-155.59,-174.41,,,14.8,14.88,31.12,46.72,65.76,84.24,104.71,125.37,146.44,164.85,184.72,,,14.8,-46.08,-96.33,-148.41,-194.46,-238.69,-285.83,-324.15,-354.62,-384.04,-412.69
,14.9,-16.21,-31.58,-47.50,-64.06,-82.81,-99.82,-118.38,-136.52,-155.61,-174.46,,,14.9,14.79,30.61,46.78,65.49,84.27,104.99,125.21,146.35,165.00,184.68,,,14.9,-45.84,-96.63,-148.67,-194.72,-238.71,-285.49,-323.98,-354.66,-384.35,-412.39
,15,-16.61,-32.38,-48.53,-64.60,-83.13,-100.24,-119.19,-137.14,-156.41,-174.88,,,15,14.73,30.32,46.60,65.43,84.29,104.67,125.25,146.07,165.37,184.64,,,15,-46.10,-96.78,-148.60,-194.93,-239.46,-285.58,-324.37,-355.24,-384.99,-412.05
